node_id,original_node_id,latitude,longitude,x,y,degree,node_role,road_rank,road_class,importance_score,node_type,node_name,turn_p
R001,3580024101,36.587438954130185,128.156610184886,303507.4045528976,443852.2576925198,7,anchor|named_interchange_or_intersection|branch|node_type_106,101,고속국도/고속도로,211.0,106,점촌함창IC,0
R002,3590012506,36.69793174069319,128.1112276911841,299303.92679780396,456066.50086126686,8,anchor|named_interchange_or_intersection|branch|node_type_106,101,고속국도/고속도로,210.891274,106,문경새재IC,0
R003,3580023601,36.58382519540017,128.1523027602236,303126.7170322139,443446.58520550467,7,anchor|named_interchange_or_intersection|branch|node_type_106,101,고속국도/고속도로,210.879363,106,점촌함창IC,0
R004,3580019201,36.5325799823054,128.16749908794347,304555.8188714046,437776.00159090554,10,anchor|named_interchange_or_intersection|branch|node_type_106,101,고속국도/고속도로,210.875393,106,북상주IC,0
R005,2830014702,36.59310877432778,127.42427901727457,237966.1651999997,443942.4752999991,7,anchor|named_interchange_or_intersection|branch|node_type_106,101,고속국도/고속도로,207.855585,106,남이JC,1
R006,2310021215,37.086408549290134,127.45085389140704,240085.91500580593,498697.5494148731,7,anchor|named_interchange_or_intersection|branch|node_type_106,101,고속국도/고속도로,207.682417,106,일죽IC삼거리,0
R007,3530110805,36.12773218717024,128.09485152608235,298558.2609989768,392773.07044647227,7,anchor|named_interchange_or_intersection|branch|node_type_106,101,고속국도/고속도로,204.833857,106,김천IC앞,0
R008,3580025401,36.372860391594216,128.23947499157688,311229.7959664518,420131.7135668276,7,anchor|named_interchange_or_intersection|branch|node_type_106,101,고속국도/고속도로,203.787827,106,낙동Jct,0
R009,3120019102,35.98815962014531,127.1137933871101,210261.5670216906,376736.843722188,7,anchor|named_interchange_or_intersection|branch|node_type_106,101,고속국도/고속도로,203.662304,106,익산IC(남측),1
R010,3530109702,36.19700620201234,128.00201032461408,290121.10965129983,400370.0354566022,10,anchor|named_interchange_or_intersection|branch|node_type_106,101,고속국도/고속도로,201.295681,106,추풍령IC(남측),1
R011,3530014202,36.13195163961604,128.09469721056038,298539.0937338465,393241.1365967532,7,anchor|named_interchange_or_intersection|branch|node_type_106,101,고속국도/고속도로,201.248342,106,김천IC(남측),1
R012,2830018302,36.570233958285506,127.42885630180209,238387.0845999997,441405.8582000006,8,anchor|named_interchange_or_intersection|branch|node_type_106,101,고속국도/고속도로,199.84856,106,청주JC,0
R013,2800135802,36.75847833266614,127.98464273279068,287922.36481666693,462662.13668395666,8,anchor|named_interchange_or_intersection|branch|node_type_106,101,고속국도/고속도로,197.958726,106,적석교차로,1
R014,2800132602,36.801985282403976,127.82986453530074,274059.4741049671,467359.4208217225,9,anchor|named_interchange_or_intersection|branch|node_type_106,103,일반국도,197.847251,106,검승교차로,1
R015,2800133702,36.780526873189345,127.90269321445172,280581.53190902463,465036.88996646635,10,anchor|named_interchange_or_intersection|branch|node_type_106,103,일반국도,197.67836,106,쌍곡2교차로,1
R016,2310014002,37.044565565169194,127.13711671594014,212197.86458379336,493967.54856991465,8,anchor|named_interchange_or_intersection|branch|node_type_106,101,고속국도/고속도로,196.962522,106,안성JC(북측),0
R017,3610089902,36.095711193171624,128.66305825397893,349772.5582827997,389945.53142411116,10,anchor|named_interchange_or_intersection|branch|node_type_106,101,고속국도/고속도로,196.544415,106,동군위IC,1
R018,3580091902,36.367406915229424,128.24643740028336,311862.4365199174,419534.5607406352,7,anchor|named_interchange_or_intersection|branch|node_type_106,101,고속국도/고속도로,196.403621,106,낙동JC,0
R019,3580012301,36.42003963998809,128.21430362043102,308904.97719635145,425338.6836615097,9,anchor|named_interchange_or_intersection|branch|node_type_106,101,고속국도/고속도로,195.78233,106,상주IC,0
R020,3580013301,36.4254156188043,128.2130900295645,308788.6304454128,425933.9098428317,9,anchor|named_interchange_or_intersection|branch|node_type_106,101,고속국도/고속도로,195.750873,106,상주IC,0
R021,3580018901,36.52854091633443,128.17185273214872,304951.1849053276,437332.5024573379,10,anchor|named_interchange_or_intersection|branch|node_type_106,101,고속국도/고속도로,195.749956,106,북상주IC,0
R022,3080137502,35.95029565949491,127.09709381272272,208759.82767226192,372533.8876654077,8,anchor|named_interchange_or_intersection|branch|node_type_106,101,고속국도/고속도로,195.637871,106,익산JC,0
R023,2810025001,36.98515029010112,127.61838443505033,255054.43269907287,487543.71186233714,6,anchor|named_interchange_or_intersection|branch|node_type_106,101,고속국도/고속도로,195.635515,106,음성IC교차로,1
R024,2310003202,36.99681521692905,127.15334893688157,213650.4190408239,488670.50880353287,8,anchor|named_interchange_or_intersection|branch|node_type_106,101,고속국도/고속도로,195.175262,106,안성IC(북측),1
R025,2140014601,37.02625552092633,127.14155342448895,212595.57689765512,491936.1073926271,8,anchor|named_interchange_or_intersection|branch|node_type_106,101,고속국도/고속도로,195.165794,106,안성JC(남측),0
R026,1510018701,35.91452991999719,128.65628608036667,349504.38819015725,369828.79187693424,7,anchor|named_interchange_or_intersection|branch|node_type_106,101,고속국도/고속도로,194.787784,106,도동JC,1
R027,3590012601,36.701291709495344,128.11469744189978,299609.673438619,456442.98370796227,8,anchor|named_interchange_or_intersection|branch|node_type_106,101,고속국도/고속도로,194.307199,106,문경새재IC,0
R028,3570849602,36.037132492257925,128.8122665900332,363332.4615000002,383684.8080000002,9,anchor|named_interchange_or_intersection|branch|node_type_106,101,고속국도/고속도로,193.927661,106,신녕IC교차로,0
R029,3010090302,36.82468230491583,127.16747674491667,214941.54704240547,469569.9876671784,10,anchor|named_interchange_or_intersection|branch|node_type_106,101,고속국도/고속도로,193.885122,106,천안IC,0
R030,3570849601,36.037146103651686,128.8123989274965,363344.3616699905,383686.5405979268,9,anchor|named_interchange_or_intersection|branch|node_type_106,101,고속국도/고속도로,193.770375,106,신녕IC교차로,0
R031,3570849402,36.041004458866375,128.81041895096783,363157.9330000002,384111.40850000083,8,anchor|named_interchange_or_intersection|branch|node_type_106,101,고속국도/고속도로,193.515052,106,신녕IC,1
R032,3670008501,35.76045571960374,128.371503748106,324036.5136059894,352333.25136414816,11,anchor|named_interchange_or_intersection|branch|node_type_106,101,고속국도/고속도로,193.382286,106,고령JC,1
R033,2770102901,36.26743629402015,127.8356666129268,275092.37119999994,408043.7371999994,7,anchor|named_interchange_or_intersection|branch|node_type_106,101,고속국도/고속도로,193.322862,106,영동IC(남측),0
R034,2770105201,36.22183977626684,127.90571718425967,281434.5081000002,403040.5862000007,10,anchor|named_interchange_or_intersection|branch|node_type_106,101,고속국도/고속도로,193.318586,106,황간IC,0
R035,2770105301,36.22241443448485,127.91206808205136,282004.9424112965,403109.707718928,10,anchor|named_interchange_or_intersection|branch|node_type_106,101,고속국도/고속도로,193.305148,106,황간IC(동측),0
R036,3530109401,36.20406739852911,128.00113392216826,290034.1961999996,401152.7876999986,10,anchor|named_interchange_or_intersection|branch|node_type_106,101,고속국도/고속도로,193.302705,106,추풍령IC(북측),0
R037,3530110501,36.13390610667996,128.09194786524031,298289.1648000004,393455.23420000076,7,anchor|named_interchange_or_intersection|branch|node_type_106,101,고속국도/고속도로,193.296291,106,김천IC(서측),0
R038,3530110802,36.12777156428802,128.09497695771245,298569.5035050715,392777.56726981193,8,anchor|named_interchange_or_intersection|branch|node_type_106,101,고속국도/고속도로,192.455061,106,김천IC앞,1
R039,1570012601,35.66807515794538,128.43569674515243,329992.3765171835,342165.3864129403,8,anchor|named_interchange_or_intersection|branch|node_type_106,101,고속국도/고속도로,191.788569,106,현풍JC,0
R040,2310020305,37.08088076253459,127.43492860234083,238672.7804629561,498077.4748953468,5,anchor|named_interchange_or_intersection|branch|node_type_106,101,고속국도/고속도로,191.7137,106,죽산교차로,0
R041,2800135901,36.757268958169774,127.99891954383452,289198.6308741616,462541.13040261413,8,anchor|named_interchange_or_intersection|branch|node_type_106,101,고속국도/고속도로,189.960558,106,연풍IC교차로,0
R042,2800135601,36.758854739149655,127.97719819973524,287257.17019058287,462697.0978597113,10,anchor|named_interchange_or_intersection|branch|node_type_106,101,고속국도/고속도로,189.950175,106,적석교차로,0
R043,2800132202,36.80936725558232,127.8122716647325,272482.4474396204,468165.17204091046,8,anchor|named_interchange_or_intersection|branch|node_type_106,103,일반국도,189.855192,106,동진교차로,0
R044,2800132307,36.8035336902271,127.82546871001632,273665.68718462565,467527.8637574119,9,anchor|named_interchange_or_intersection|branch|node_type_106,103,일반국도,189.852443,106,검승교차로,0
R045,2800133002,36.79060653128961,127.85404600586614,276228.8175545663,466115.63608056394,11,anchor|named_interchange_or_intersection|branch|node_type_106,103,일반국도,189.846946,106,칠성교차로,0
R046,2800132203,36.80938374915422,127.81214566885461,272471.18853200995,468166.9069508184,8,anchor|named_interchange_or_intersection|branch|node_type_106,103,일반국도,189.845419,106,동진교차로,0
R047,2800132702,36.79244212733117,127.8481301918743,275698.9779159677,466314.64760753734,11,anchor|named_interchange_or_intersection|branch|node_type_106,103,일반국도,189.844808,106,칠성교차로,0
R048,2800133307,36.78177620710401,127.88209696018058,278741.6272706515,465158.38981107855,10,anchor|named_interchange_or_intersection|branch|node_type_106,103,일반국도,189.84267,106,쌍곡1교차로,0
R049,3080140302,36.076008354314524,127.10180372261796,209170.18433596566,386483.3131880316,7,anchor|named_interchange_or_intersection|branch|node_type_106,101,고속국도/고속도로,189.073386,106,논산JC,0
R050,3120019302,35.994484221169145,127.11331312823566,210217.44300366865,377438.56410601444,7,anchor|named_interchange_or_intersection|branch|node_type_106,101,고속국도/고속도로,189.07308,106,익산IC(북측),0
R051,3570849202,36.04368929724763,128.8078888691198,362924.3607916311,384405.1256928821,9,anchor|named_interchange_or_intersection|branch|node_type_106,101,고속국도/고속도로,188.527312,106,신녕IC,0
R052,3580108301,36.37524463790464,128.26923678586823,313897.2554352656,420430.98592862627,8,anchor|named_interchange_or_intersection|branch|node_type_106,101,고속국도/고속도로,188.399346,106,상주JC,0
R053,1560004001,35.853319915517204,128.52223962084247,337509.5736049871,362839.432770216,9,anchor|named_interchange_or_intersection|branch|node_type_106,101,고속국도/고속도로,187.898037,106,성서IC,1
R054,3010092701,36.83117832373901,127.17253483995457,215391.50744586883,470291.68305491493,10,anchor|named_interchange_or_intersection|branch|node_type_106,101,고속국도/고속도로,187.305977,106,천안IC,0
R055,3020169301,36.895280943952415,127.18927470295873,216870.74251317474,477408.31396960886,13,anchor|named_interchange_or_intersection|branch|node_type_106,101,고속국도/고속도로,187.300785,106,북천안IC,0
R056,3020169201,36.900070890564024,127.18924093533235,216866.67857047482,477939.87661837734,11,anchor|named_interchange_or_intersection|branch|node_type_106,101,고속국도/고속도로,187.254363,106,북천안IC,0
R057,2310002701,36.99165762951289,127.15532540999399,213827.28943325175,488098.41707504925,8,anchor|named_interchange_or_intersection|branch|node_type_106,101,고속국도/고속도로,187.246422,106,안성IC(남측),0
R058,2860033802,36.48115389964531,127.08942967778486,208014.0454132532,431438.8754537599,8,anchor|named_interchange_or_intersection|branch|node_type_106,101,고속국도/고속도로,187.093281,106,공주분기점,1
R059,2860036101,36.50309975944489,127.10406750226373,209323.15192935773,433875.48501749756,7,anchor|named_interchange_or_intersection|branch|node_type_106,101,고속국도/고속도로,186.922775,106,공주IC,1
R060,1560001601,35.83797038788472,128.52784005726662,338042.12447116774,361144.00601286336,9,anchor|named_interchange_or_intersection|branch|node_type_106,101,고속국도/고속도로,185.939049,106,남대구IC,1
R061,1560001704,35.845166500387904,128.52490596997052,337764.55888903834,361938.41178887145,9,anchor|named_interchange_or_intersection|branch|node_type_106,101,고속국도/고속도로,185.939049,106,성서IC,0
R062,1570186101,35.811905393436476,128.50258609121877,335804.639719393,358216.28847299283,10,anchor|named_interchange_or_intersection|branch|node_type_106,101,고속국도/고속도로,185.922557,106,유천IC(남측),1
R063,3010051801,36.721445942406376,127.13777413474156,212308.09951453423,458109.2577226642,9,anchor|named_interchange_or_intersection|branch|node_type_106,101,고속국도/고속도로,185.90781,106,남풍세IC,0
R064,2860027301,36.62790401893978,127.12047259950452,210775.49657666066,447726.6755803272,10,anchor|named_interchange_or_intersection|branch|node_type_106,101,고속국도/고속도로,185.90445,106,정안IC,0
R065,3550145701,36.31590743018555,128.32042943508785,318581.31299982744,413907.66750833037,6,anchor|named_interchange_or_intersection|branch|node_type_106,101,고속국도/고속도로,185.764049,106,도개IC,1
R066,2790006802,36.86651440683902,127.47553770998927,242402.42274271636,474304.7774691573,3,anchor|named_interchange_or_intersection|branch|node_type_106,101,고속국도/고속도로,185.606763,106,진천IC,1
R067,3570849902,36.03722256851519,128.8155938056297,363632.17507103464,383700.39200833184,8,anchor|named_interchange_or_intersection|branch|node_type_106,101,고속국도/고속도로,185.383115,106,신녕IC교차로,0
R068,3080137402,35.939474223747574,127.08415106332905,207593.16455336378,371332.0783295891,7,anchor|named_interchange_or_intersection|branch|node_type_106,101,고속국도/고속도로,185.140707,106,익산JC,1
R069,3080002102,35.92333707395921,127.0776690782043,207009.7027620178,369541.0515371968,7,anchor|named_interchange_or_intersection|branch|node_type_106,101,고속국도/고속도로,185.086344,106,삼례IC(남측),1
R070,2860033801,36.48110517556175,127.08957278790484,208026.87494305213,431433.4805512461,7,anchor|named_interchange_or_intersection|branch|node_type_106,101,고속국도/고속도로,184.850262,106,공주분기점,0
R071,3610090301,36.24747862368556,128.4779727167241,332846.3441169831,406518.43058699014,6,anchor|named_interchange_or_intersection|branch|node_type_106,101,고속국도/고속도로,184.848124,106,서군위하이패스IC,1
R072,2860011301,36.42916959662197,127.07978491665965,207154.52404941444,425669.5488892941,8,anchor|named_interchange_or_intersection|branch|node_type_106,101,고속국도/고속도로,184.846597,106,남공주IC,1
R073,3610089501,36.099347982050396,128.65900089660275,349400.24023899814,390342.8815788615,9,anchor|named_interchange_or_intersection|branch|node_type_106,101,고속국도/고속도로,184.806588,106,동군위IC,1
R074,3010090301,36.824536638007295,127.16785233970874,214975.08438863175,469553.881128362,10,anchor|named_interchange_or_intersection|branch|node_type_106,101,고속국도/고속도로,184.763133,106,천안IC,0
R075,2830014701,36.59318974308798,127.42441195522237,237978.02139999997,443951.51300000027,7,anchor|named_interchange_or_intersection|branch|node_type_106,101,고속국도/고속도로,184.681283,106,남이JC,0
R076,2830018301,36.570282003099216,127.42900343015955,238400.23039999977,441411.2485000007,8,anchor|named_interchange_or_intersection|branch|node_type_106,101,고속국도/고속도로,184.659599,106,청주JC,0
R077,2810024701,36.97944820754422,127.62209645787576,255389.04914353305,486913.05204260483,6,anchor|named_interchange_or_intersection|branch|node_type_106,101,고속국도/고속도로,184.400305,106,음성IC교차로,0
R078,2310021213,37.0863332160685,127.4509877002837,240097.8518516014,498689.2453808157,6,anchor|named_interchange_or_intersection|branch|node_type_106,101,고속국도/고속도로,184.046946,106,일죽IC삼거리,0
R079,2310021214,37.086297963851386,127.4508827427588,240088.5384661103,498685.28879271867,6,anchor|named_interchange_or_intersection|branch|node_type_106,101,고속국도/고속도로,184.045113,106,일죽IC삼거리,0
R080,3010095602,36.774983964681795,127.17749092910873,215845.20416157713,464056.3737961002,11,anchor|named_interchange_or_intersection|branch|node_type_101,101,고속국도/고속도로,183.882984,101,천안JC,0
R081,3910015901,35.54629721838311,128.476040101969,333848.17233195156,328706.5920362724,4,anchor|named_interchange_or_intersection|branch|node_type_106,101,고속국도/고속도로,183.776047,106,창녕IC,1
R082,3910146600,35.54473785760539,128.4763137956636,333875.5853000004,328533.9331,4,anchor|named_interchange_or_intersection|branch|node_type_106,101,고속국도/고속도로,183.770244,106,창녕IC(북측),0
R083,3070024802,36.01235071106646,126.79807695384707,181796.70100000035,379433.93480000086,3,anchor|named_interchange_or_intersection|branch|node_type_106,101,고속국도/고속도로,183.120812,106,군산IC(북측),1
R084,3120019301,35.99450424325771,127.11351881733802,210235.98740748895,377440.8073130559,7,anchor|named_interchange_or_intersection|branch|node_type_106,101,고속국도/고속도로,183.09904,106,익산IC(북측),1
R085,2060004901,37.40228328532088,127.09840965710806,208713.24581695703,533663.4699006402,3,anchor|named_interchange_or_intersection|branch|node_type_106,101,고속국도/고속도로,183.042408,106,판교JC(남측),1
R086,3610089602,36.09736435149866,128.6606822273939,349555.4247000003,390125.3331000004,9,anchor|named_interchange_or_intersection|branch|node_type_106,101,고속국도/고속도로,182.641841,106,동군위IC,1
R087,2840034002,36.713655279370926,127.44174744651171,239467.74628378492,457326.8183750924,7,anchor|named_interchange_or_intersection|branch|node_type_106,101,고속국도/고속도로,182.558464,106,오창IC,1
R088,3010088002,36.75088222720619,127.16430365467825,214672.5219670693,461379.6213664826,9,anchor|named_interchange_or_intersection|branch|node_type_106,101,고속국도/고속도로,182.505934,106,남천안IC,1
R089,2810938004,36.913632626933364,127.6926537116851,261724.3509540966,479652.26951118896,9,anchor|named_interchange_or_intersection|branch|node_type_106,103,일반국도,182.254625,106,음성１교차로,1
R090,2710003402,36.62478912134431,127.38388435605037,234337.42739911212,447442.8795706142,8,anchor|named_interchange_or_intersection|branch|node_type_106,101,고속국도/고속도로,182.146161,106,청주IC,1
R091,3850319702,35.25383371422928,128.98350460601972,380521.69438538974,297059.9386379209,5,anchor|named_interchange_or_intersection|branch|node_type_106,101,고속국도/고속도로,181.994459,106,대동IC,1
R092,2310014003,37.0445467306126,127.13689314928646,212177.9791551202,493965.42968775786,9,anchor|named_interchange_or_intersection|branch|node_type_106,101,고속국도/고속도로,181.989791,106,안성JC(북측),0
R093,3010104002,36.75843654649878,127.21852144999137,219512.3315828183,462227.6271799497,9,anchor|named_interchange_or_intersection|branch|node_type_106,101,고속국도/고속도로,181.523429,106,목천IC,1
R094,3670008201,35.75505980774519,128.37416793768057,324285.8664989119,351737.87017173175,11,anchor|named_interchange_or_intersection|branch|node_type_106,101,고속국도/고속도로,181.287871,106,고령JC,0
R095,1570012901,35.6798480647156,128.4324343977203,329677.9232000001,343467.4450000003,8,anchor|named_interchange_or_intersection|branch|node_type_106,101,고속국도/고속도로,181.275349,106,현풍JC,0
R096,2700132602,36.52847329115303,127.5105373560586,245723.0292543095,436807.3672561521,7,anchor|named_interchange_or_intersection|branch|node_type_106,101,고속국도/고속도로,180.826789,106,문의IC,1
R097,3910014401,35.53926406679254,128.4793195605694,334157.29291079874,327930.63510021917,5,anchor|named_interchange_or_intersection|branch|node_type_106,101,고속국도/고속도로,180.575349,106,창녕IC사거리,0
R098,3020169302,36.895279389247065,127.18906244900802,216851.8238691815,477408.10393466894,13,anchor|named_interchange_or_intersection|branch|node_type_106,101,고속국도/고속도로,180.333857,106,북천안IC,1
R099,2770018302,36.270948842584,127.825089052218,274138.538768128,408425.36627272435,8,anchor|named_interchange_or_intersection|branch|node_type_106,101,고속국도/고속도로,180.332941,106,상용사거리,0
R100,2770018301,36.27103719342889,127.82502461491816,274132.6650963861,408435.1210163225,8,anchor|named_interchange_or_intersection|branch|node_type_106,101,고속국도/고속도로,180.275218,106,상용사거리,0
R101,2310002702,36.99160019161688,127.15511222639391,213808.321895666,488092.01182024647,8,anchor|named_interchange_or_intersection|branch|node_type_106,101,고속국도/고속도로,180.193674,106,안성IC(남측),1
R102,1520000901,35.87367675495891,128.53153679105526,338314.10032504203,365111.52425054566,8,anchor|named_interchange_or_intersection|branch|node_type_106,101,고속국도/고속도로,179.924913,106,서대구IC,0
R103,1540004302,35.90957144571069,128.58304631899114,342901.7912817047,369168.88699246367,8,anchor|named_interchange_or_intersection|branch|node_type_106,101,고속국도/고속도로,178.93041,106,북대구IC,0
R104,2860027001,36.621810251252136,127.12040849017458,210770.6102075624,447050.4387444501,10,anchor|named_interchange_or_intersection|branch|node_type_106,101,고속국도/고속도로,178.91575,106,정안IC,0
R105,2860035001,36.48951625889332,127.09393530160665,208416.90253436466,432367.21442714357,7,anchor|named_interchange_or_intersection|branch|node_type_106,101,고속국도/고속도로,178.883377,106,공주JC,0
R106,2830019901,36.53714634670873,127.43079436015589,238577.0042417993,437734.8941518181,8,anchor|named_interchange_or_intersection|branch|node_type_106,101,고속국도/고속도로,178.375262,106,남청주IC,1
R107,1560001301,35.8361192513152,128.52718209707837,337985.87898108485,360937.6599620428,11,anchor|named_interchange_or_intersection|branch|node_type_106,101,고속국도/고속도로,177.93233,106,남대구IC,0
R108,2900015502,36.22199492573471,127.05212063149696,204686.18243871597,402678.70304987766,3,anchor|named_interchange_or_intersection|branch|node_type_106,101,고속국도/고속도로,177.418935,106,서논산IC,0
R109,3680012801,35.922897465510324,128.24582184137216,312439.9164282954,370206.74660494097,3,anchor|named_interchange_or_intersection|branch|node_type_106,101,고속국도/고속도로,177.106806,106,성주IC,0
R110,3120945000,35.80795260382436,127.0261057159435,202359.4813135119,356735.92017996043,8,anchor|named_interchange_or_intersection|branch|node_type_106,101,고속국도/고속도로,177.020768,106,이서JC,0
R111,3610088801,36.16139107009317,128.56548207759613,340866.8490166323,397088.38705283124,4,anchor|named_interchange_or_intersection|branch|node_type_106,101,고속국도/고속도로,176.847818,106,군위JC,0
R112,3960007903,35.537443929892554,127.7683668138328,269681.7695256484,326993.45417665725,4,anchor|named_interchange_or_intersection|branch|node_type_106,101,고속국도/고속도로,176.570681,106,함양JCT1교,1
R113,2430087101,37.2391037593719,127.29093432732004,225815.26675992686,515588.32571389043,3,anchor|named_interchange_or_intersection|branch|node_type_106,101,고속국도/고속도로,175.589616,106,양지IC(서측),1
R114,2730007902,37.07717826501417,128.18061368733447,304984.1375761894,498230.2307008732,4,anchor|named_interchange_or_intersection|branch|node_type_106,101,고속국도/고속도로,175.05493,106,남제천IC(북측),1
R115,2330508904,37.19079347858841,126.8720714234477,188641.37586305948,510194.77251904027,3,anchor|named_interchange_or_intersection|branch|node_type_106,101,고속국도/고속도로,174.855497,106,팔탄JC,0
R116,2350007210,37.85615837467531,127.05398524930861,204750.9041256266,584035.6556166928,3,anchor|named_interchange_or_intersection|branch|node_type_106,101,고속국도/고속도로,174.24123,106,북양주IC교차로,0
R117,2720127702,37.06753034366294,127.93070055228984,282770.8962240803,496912.5837436408,3,anchor|named_interchange_or_intersection|branch|node_type_106,101,고속국도/고속도로,173.925436,106,동충주교차로,1
R118,3070023401,36.00531467298401,126.80197721891537,182146.72276402786,378652.49890674034,3,anchor|named_interchange_or_intersection|branch|node_type_106,101,고속국도/고속도로,173.811213,106,군산IC(남측),0
R119,3100011901,35.43286161449249,127.40212407909131,236514.90609507496,315192.8058688548,3,anchor|named_interchange_or_intersection|branch|node_type_106,101,고속국도/고속도로,173.714703,106,남원IC(동측),1
R120,3850319601,35.25220447328812,128.98196380166644,380385.05583093874,296876.3432602349,4,anchor|named_interchange_or_intersection|branch|node_type_106,101,고속국도/고속도로,173.463962,106,대동IC교차로,0
R121,2750013309,36.45743194298307,127.71595233518336,264178.5453267872,429041.064283636,3,anchor|named_interchange_or_intersection|branch|node_type_106,101,고속국도/고속도로,172.928796,106,보은IC,0
R122,3420013401,35.333435243777565,126.80833935736467,182574.91108444153,304104.2546445364,3,anchor|named_interchange_or_intersection|branch|node_type_106,101,고속국도/고속도로,171.887522,106,장성JC,1
R123,3630085902,36.45507448204165,129.02343508806447,381397.62642194435,430444.88914981403,3,anchor|named_interchange_or_intersection|branch|node_type_106,101,고속국도/고속도로,171.699913,106,청송IC,1
R124,1860005602,36.410728734849975,127.3801922802339,234100.9781333797,423687.42454891733,4,anchor|named_interchange_or_intersection|branch|node_type_106,101,고속국도/고속도로,171.42993,106,대덕밸리IC,1
R125,2130000402,37.428215599071535,126.89582294695076,190779.2851440695,536542.1287927132,6,anchor|named_interchange_or_intersection|branch|node_type_106,101,고속국도/고속도로,170.597382,106,일직JC,0
R126,3100021802,35.404306439625294,127.30279622364142,227505.10413107253,311992.47689111537,4,anchor|named_interchange_or_intersection|branch|node_type_106,101,고속국도/고속도로,169.452182,106,남원JC,1
R127,3100016001,35.485174694466664,127.5912151310759,253650.75661981682,321083.2861158138,4,anchor|named_interchange_or_intersection|branch|node_type_106,101,고속국도/고속도로,169.376963,106,지리산IC(동측),1
R128,2140007502,36.995693634241526,126.86921679910533,188358.10936552996,488543.0409977042,3,anchor|named_interchange_or_intersection|branch|node_type_106,101,고속국도/고속도로,169.228534,106,서평택IC(남측),1
R129,2920005101,36.10689923489587,127.51645943702984,246503.15559275067,390029.70019991917,3,anchor|named_interchange_or_intersection|branch|node_type_106,101,고속국도/고속도로,169.156152,106,금산IC,1
R130,3950017501,35.48353935803666,127.82185070227648,274582.064924271,321051.6686958393,3,anchor|named_interchange_or_intersection|branch|node_type_106,101,고속국도/고속도로,169.08377,106,생초IC,1
R131,3900007601,35.289398412300955,128.3874629160979,326215.5305204087,300084.6319474127,3,anchor|named_interchange_or_intersection|branch|node_type_106,101,고속국도/고속도로,168.713002,106,함안IC,1
R132,3140001303,35.84427570320144,127.64653176022327,258408.4701710252,360958.8439389639,3,anchor|named_interchange_or_intersection|branch|node_type_106,101,고속국도/고속도로,168.6226,106,덕유산IC,1
R133,3970007902,35.70306766640684,128.02445364608658,292715.1280393659,345581.90281967894,4,anchor|named_interchange_or_intersection|branch|node_type_106,101,고속국도/고속도로,168.541056,106,가조IC(서측),1
R134,3190012801,35.72873957502566,126.77110754543737,179291.74989795664,347970.7013771217,3,anchor|named_interchange_or_intersection|branch|node_type_106,101,고속국도/고속도로,168.413394,106,부안IC(북측),1
R135,3810013901,35.185235884235965,128.04052840294332,294775.1405796435,288141.29452314967,3,anchor|named_interchange_or_intersection|branch|node_type_106,101,고속국도/고속도로,168.357504,106,서진주IC,1
R136,3810003001,35.13990305355468,128.09278251824213,299590.08029999956,283162.66310000047,3,anchor|named_interchange_or_intersection|branch|node_type_106,101,고속국도/고속도로,168.332461,106,진주JC,0
R137,3420017805,35.28125038307287,126.7925330558734,181125.7408584133,298317.4239991392,6,anchor|named_interchange_or_intersection|branch|node_type_106,101,고속국도/고속도로,167.53137,106,가작교차로,0
R138,3980017401,35.696354938884596,128.1904594437108,307748.66788655554,345006.5482941284,3,anchor|named_interchange_or_intersection|branch|node_type_106,101,고속국도/고속도로,167.45288,106,해인사IC(동측),1
R139,3260085501,34.995451268940634,127.53297238260724,248657.00784406732,266720.03560204804,5,anchor|named_interchange_or_intersection|branch|node_type_106,101,고속국도/고속도로,166.685384,106,순천JC,0
R140,3560009901,36.848405352295714,128.5270580223213,336199.9252626217,473278.1657335125,3,anchor|named_interchange_or_intersection|branch|node_type_106,101,고속국도/고속도로,166.653927,106,풍기IC앞교차로,0
R141,2320000801,37.5953046346749,126.77906846736086,180488.87524466284,555104.7376663145,4,anchor|named_interchange_or_intersection|branch|node_type_106,101,고속국도/고속도로,165.969066,106,김포IC,1
R142,3260087201,35.14826841735928,127.45598319904474,241550.79565680676,283639.2533058065,4,anchor|named_interchange_or_intersection|branch|node_type_106,101,고속국도/고속도로,165.952094,106,황전IC,1
R143,2370005401,37.22700919397478,127.59214850930802,252551.2742999997,514370.67259999923,3,anchor|named_interchange_or_intersection|branch|node_type_106,101,고속국도/고속도로,165.725785,106,여주JC(남측),0
R144,3660012302,35.65455375130309,128.7465660195911,358168.6696241845,341120.86092663015,3,anchor|named_interchange_or_intersection|branch|node_type_106,101,고속국도/고속도로,165.54459,106,청도IC,0
R145,2510022901,37.36933575859517,127.89906281812056,279639.2203613981,530381.5081547346,4,anchor|named_interchange_or_intersection|branch|node_type_106,101,고속국도/고속도로,165.030454,106,만종JC,1
R146,2570005708,37.670913830516,127.85255177430176,275215.81438473816,563815.6180570617,4,anchor|named_interchange_or_intersection|branch|node_type_106,101,고속국도/고속도로,164.757853,106,홍천IC,0
R147,2890010103,36.81292545436418,126.56945007255646,161582.24445058673,468338.68473121594,3,anchor|named_interchange_or_intersection|branch|node_type_106,101,고속국도/고속도로,164.724346,106,서산IC앞,0
R148,3540161501,36.427050163737114,128.61855396026374,345149.6807301741,426648.98188741744,3,anchor|named_interchange_or_intersection|branch|node_type_106,101,고속국도/고속도로,164.609511,106,안동JC,0
R149,3860019102,35.45422589122156,128.77308673725722,360970.7720405819,318933.87356331694,3,anchor|named_interchange_or_intersection|branch|node_type_106,101,고속국도/고속도로,164.275916,106,남밀양IC,0
R150,3260022511,35.064406026453696,127.26456397207086,224132.6507405854,274272.1711471222,3,anchor|named_interchange_or_intersection|branch|node_type_106,101,고속국도/고속도로,164.159948,106,주암IC입구,0
R151,3280009401,34.971419859625826,127.66177711386928,260433.88441342677,264124.2401761771,4,anchor|named_interchange_or_intersection|branch|node_type_106,101,고속국도/고속도로,163.879887,106,동광양IC(동측),1
R152,3290007216,35.2484271361785,126.96959260976412,197232.58060234558,294656.5212101465,3,anchor|named_interchange_or_intersection|branch|node_type_106,101,고속국도/고속도로,163.822862,106,담양JC,1
R153,3940002401,35.00061485963678,127.81134425768806,274066.4322220322,267463.90321599646,4,anchor|named_interchange_or_intersection|branch|node_type_106,101,고속국도/고속도로,163.737478,106,하동IC,0
R154,3540164102,36.436814776584164,128.89078596332192,369544.26998454524,428176.84926790243,4,anchor|named_interchange_or_intersection|branch|node_type_106,101,고속국도/고속도로,163.709991,106,동안동IC,0
R155,2760149801,36.31066926966624,127.57000857697388,251191.9978,412667.8914000001,3,anchor|named_interchange_or_intersection|branch|node_type_106,101,고속국도/고속도로,163.571946,106,옥천IC,0
R156,1960353802,35.47958471802382,129.2901431460611,407854.0661997928,322714.1966726505,3,anchor|named_interchange_or_intersection|branch|node_type_106,101,고속국도/고속도로,162.02644,106,청량IC교차로,1
R157,3850002102,35.19540150004512,128.80554052581957,364440.9160128319,290266.8345778996,3,anchor|named_interchange_or_intersection|branch|node_type_106,101,고속국도/고속도로,162.024302,106,장유IC(서측),1
R158,2400146902,37.399426064800494,127.75639392009435,266974.5880013946,533610.3325971061,4,anchor|named_interchange_or_intersection|branch|node_type_106,101,고속국도/고속도로,161.431108,106,동양평IC,1
R159,3140011501,35.97580850400379,127.64755233083078,258403.92162191248,375554.2761174647,3,anchor|named_interchange_or_intersection|branch|node_type_106,101,고속국도/고속도로,160.625654,106,무주IC,0
R160,3500091002,35.94549994703738,129.3933703230259,415963.1676829749,374646.1132396844,3,anchor|named_interchange_or_intersection|branch|node_type_106,101,고속국도/고속도로,160.069372,106,문덕교차로램프,1
R161,2300265401,37.18747377890298,127.44158702463423,239209.79280598124,509910.0115508569,6,anchor|named_interchange_or_intersection|branch|node_type_106,101,고속국도/고속도로,160.049738,106,남이천IC(북측),1
R162,3510006310,36.06512462044577,129.2244225124345,400412.692427863,387561.7956446125,3,anchor|named_interchange_or_intersection|branch|node_type_106,101,고속국도/고속도로,159.953839,106,서포항IC입구,0
R163,3650170410,36.38824150562738,129.3693324384768,412593.84609999973,423733.5421999991,3,anchor|named_interchange_or_intersection|branch|node_type_106,101,고속국도/고속도로,159.824869,106,영덕IC,0
R164,3580026302,36.44544183129012,127.95588062139224,285699.6181973273,427896.9731000185,3,anchor|named_interchange_or_intersection|branch|node_type_106,101,고속국도/고속도로,159.645375,106,화서IC앞,0
R165,2940015301,36.237577539914184,126.78890441555836,181024.08222925404,404427.2054246294,3,anchor|named_interchange_or_intersection|branch|node_type_106,101,고속국도/고속도로,159.504494,106,서부여IC,0
R166,2820001914,36.91915126503056,128.3716169545301,322222.3422710673,480919.48984710267,3,anchor|named_interchange_or_intersection|branch|node_type_106,101,고속국도/고속도로,159.49123,106,대강교차로,1
R167,2510003506,37.23596396173221,128.0862454775043,296390.48685374984,515753.12630934385,3,anchor|named_interchange_or_intersection|branch|node_type_106,101,고속국도/고속도로,159.487784,106,신림IC앞,0
R168,3400015702,35.02561191706836,126.4871628936932,153198.4163180361,270056.5054458762,3,anchor|named_interchange_or_intersection|branch|node_type_106,101,고속국도/고속도로,159.379145,106,함평JC,1
R169,2600014104,37.63647870612496,128.49418800211384,331887.2273063026,560701.9417730969,3,anchor|named_interchange_or_intersection|branch|node_type_106,101,고속국도/고속도로,159.36815,106,속사IC앞,1
R170,3330028402,34.83964711489053,127.30145372771976,227572.78097581185,249346.9148351611,3,anchor|named_interchange_or_intersection|branch|node_type_106,101,고속국도/고속도로,159.039529,106,벌교IC,0
R171,3090009202,35.57828553300431,126.83199013454905,184771.3645010107,331266.2716777736,3,anchor|named_interchange_or_intersection|branch|node_type_106,101,고속국도/고속도로,158.93774,106,정읍IC(남측),1
R172,3540003801,36.47356661240001,128.62200225870626,345372.0923925024,431816.5981731047,3,anchor|named_interchange_or_intersection|branch|node_type_106,101,고속국도/고속도로,158.537565,106,남안동IC,0
R173,2881946801,36.79607828772292,127.044832113978,204001.21300000045,466383.5318999998,8,anchor|named_interchange_or_intersection|branch|node_type_106,101,고속국도/고속도로,158.180977,106,현충교차로,1
R174,3700011801,36.66963158561876,128.54358409809632,337993.9735107429,453460.71310655336,4,anchor|named_interchange_or_intersection|branch|node_type_106,101,고속국도/고속도로,157.866056,106,예천IC,1
R175,3390003551,34.86143355653619,126.47955009369716,152408.8978813101,251845.9684728674,3,anchor|named_interchange_or_intersection|branch|node_type_106,101,고속국도/고속도로,157.780323,106,일로IC앞,1
R176,3270015403,35.064855505024795,126.59960228547882,163477.1871829349,274363.3442427531,3,anchor|named_interchange_or_intersection|branch|node_type_106,101,고속국도/고속도로,157.349084,106,문평IC교차로,1
R177,2290013003,37.85270602934879,126.76547602596554,179360.03581644635,583677.0145518994,3,anchor|named_interchange_or_intersection|branch|node_type_106,101,고속국도/고속도로,157.287696,106,내포IC,0
R178,2500009102,37.84165131007128,127.76539521180986,267371.3415728322,582700.1636808723,3,anchor|named_interchange_or_intersection|branch|node_type_106,101,고속국도/고속도로,157.206763,106,춘천IC입구(남측),1
R179,1720156700,37.482210447292694,126.49406486699463,155251.69746048213,542649.9422131594,3,anchor|named_interchange_or_intersection|branch|node_type_106,101,고속국도/고속도로,157.137435,106,공항신도시JC도윽,1
R180,3570881901,36.05490444668178,129.00439112099102,380609.3596000001,385996.6126000006,7,anchor|named_interchange_or_intersection|branch|node_type_106,101,고속국도/고속도로,157.102836,106,임고하이패스IC(서측),1
R181,4170024201,35.235922159326385,128.5643053923312,342397.4562097555,294390.41194723593,3,anchor|named_interchange_or_intersection|branch|node_type_106,101,고속국도/고속도로,157.09315,106,서마산IC,1
R182,3130018502,35.77158402565989,127.44650802903823,240374.71530558492,352792.2899585127,3,anchor|named_interchange_or_intersection|branch|node_type_106,101,고속국도/고속도로,157.084424,106,진안IC,0
R183,3630087704,36.50269152404785,129.1221119641349,390128.5871371848,435920.1906857367,3,anchor|named_interchange_or_intersection|branch|node_type_106,101,고속국도/고속도로,157.077792,106,동청송영양IC교차로,0
R184,1960005809,35.51218997561298,129.23679603851727,402929.3831169554,326221.54939099716,3,anchor|named_interchange_or_intersection|branch|node_type_106,101,고속국도/고속도로,157.010689,106,문수IC교차로,1
R185,2220316200,37.66031407070023,127.32906772733405,229035.67756117877,562348.0933614221,3,anchor|named_interchange_or_intersection|branch|node_type_106,101,고속국도/고속도로,156.510253,106,달뫼IC,0
R186,2570133201,37.90945860412725,128.04621881235678,292006.1027704375,590466.4516654216,3,anchor|named_interchange_or_intersection|branch|node_type_106,101,고속국도/고속도로,155.584293,106,원거교차로,1
R187,2650053601,37.97963938716758,128.0931292604705,296040.2010453876,598303.8749465076,4,anchor|named_interchange_or_intersection|branch|node_type_106,101,고속국도/고속도로,155.260864,106,유목교차로,1
R188,2980125001,36.626643149641495,126.78061324812647,180376.94143984703,447602.41068481706,3,anchor|named_interchange_or_intersection|branch|node_type_106,101,고속국도/고속도로,155.153316,106,예산예당호휴게소하이패스IC,0
R189,3160014501,35.55178512338973,127.31984741213536,229000.9729955896,328360.10146782314,3,anchor|named_interchange_or_intersection|branch|node_type_106,101,고속국도/고속도로,154.126222,106,오수IC,0
R190,2510248701,37.394773934207514,127.8650522051658,276600.60744530894,533176.6919563513,3,anchor|named_interchange_or_intersection|branch|node_type_106,101,고속국도/고속도로,153.493412,106,서원주IC,0
R191,2860180501,36.461893903926224,127.04786493735034,204290.37285161534,429298.98322375095,7,anchor|named_interchange_or_intersection|branch|node_type_106,101,고속국도/고속도로,153.024695,106,방흥교차로,0
R192,2520012902,37.764191084907466,128.83704063683513,361874.0911642673,575416.1102796791,3,anchor|named_interchange_or_intersection|branch|node_type_106,101,고속국도/고속도로,152.607199,106,강릉JC,1
R193,2400240102,37.52325270288406,127.44460749126394,239302.52325030058,547177.7580366225,3,anchor|named_interchange_or_intersection|branch|node_type_106,101,고속국도/고속도로,152.398517,106,양평IC,0
R194,2360209602,37.88376224092043,127.21150427964339,218606.23561079355,587119.2342133565,3,anchor|named_interchange_or_intersection|branch|node_type_106,101,고속국도/고속도로,152.365925,106,포천IC교차로,1
R195,2670088102,38.06386676303538,128.60516667757454,340867.8447778226,608305.7828299454,3,anchor|named_interchange_or_intersection|branch|node_type_106,101,고속국도/고속도로,152.311562,106,양양JC,0
R196,2670087502,38.15237303656088,128.5853079274351,338957.1401414308,618100.827765836,3,anchor|named_interchange_or_intersection|branch|node_type_106,101,고속국도/고속도로,152.203141,106,북양양IC,1
R197,2240004502,37.38360859528484,126.76072011073605,178808.7554193392,531613.1801182856,4,anchor|named_interchange_or_intersection|branch|node_type_106,101,고속국도/고속도로,152.202225,106,월곶JC(남측),0
R198,3570850802,35.91710485897675,129.00662345392192,381125.37181694194,370707.7625644519,4,anchor|named_interchange_or_intersection|branch|node_type_106,101,고속국도/고속도로,152.189703,106,영천JC,1
R199,2180044101,37.67371180129533,126.89050547886337,190340.370884598,563789.806930665,4,anchor|named_interchange_or_intersection|branch|node_type_106,101,고속국도/고속도로,152.004319,106,통일로IC,0
R200,2580005008,37.45140031702426,128.0726756363737,294914.71909880155,539650.5232748854,3,anchor|named_interchange_or_intersection|branch|node_type_106,101,고속국도/고속도로,151.919721,106,새말IC앞,0
