node_id,node_type,name,latitude,longitude,x,y,original_node_id,role,nearest_backbone_node,nearest_backbone_distance_km,connector_backbone_nodes,demand,tw_start,tw_end,service_time,assigned_depot
R001,ROAD,점촌함창IC,36.587438954130185,128.156610184886,303507.4045528976,443852.2576925198,3580024101,anchor|named_interchange_or_intersection|branch|node_type_106,R001,0.0,R001,,,,,
R002,ROAD,문경새재IC,36.69793174069319,128.1112276911841,299303.92679780396,456066.50086126686,3590012506,anchor|named_interchange_or_intersection|branch|node_type_106,R002,0.0,R002,,,,,
R003,ROAD,점촌함창IC,36.58382519540017,128.1523027602236,303126.7170322139,443446.5852055046,3580023601,anchor|named_interchange_or_intersection|branch|node_type_106,R003,0.0,R003,,,,,
R004,ROAD,북상주IC,36.5325799823054,128.16749908794347,304555.8188714046,437776.00159090554,3580019201,anchor|named_interchange_or_intersection|branch|node_type_106,R004,0.0,R004,,,,,
R005,ROAD,남이JC,36.59310877432778,127.42427901727456,237966.1651999997,443942.4752999991,2830014702,anchor|named_interchange_or_intersection|branch|node_type_106,R005,0.0,R005,,,,,
R006,ROAD,일죽IC삼거리,37.086408549290134,127.45085389140704,240085.91500580593,498697.5494148731,2310021215,anchor|named_interchange_or_intersection|branch|node_type_106,R006,0.0,R006,,,,,
R007,ROAD,김천IC앞,36.12773218717024,128.09485152608235,298558.2609989768,392773.07044647227,3530110805,anchor|named_interchange_or_intersection|branch|node_type_106,R007,0.0,R007,,,,,
R008,ROAD,낙동Jct,36.372860391594216,128.23947499157688,311229.7959664518,420131.7135668276,3580025401,anchor|named_interchange_or_intersection|branch|node_type_106,R008,0.0,R008,,,,,
R009,ROAD,익산IC(남측),35.98815962014531,127.1137933871101,210261.5670216906,376736.843722188,3120019102,anchor|named_interchange_or_intersection|branch|node_type_106,R009,0.0,R009,,,,,
R010,ROAD,추풍령IC(남측),36.19700620201234,128.00201032461408,290121.10965129983,400370.0354566022,3530109702,anchor|named_interchange_or_intersection|branch|node_type_106,R010,0.0,R010,,,,,
R011,ROAD,김천IC(남측),36.13195163961604,128.09469721056038,298539.0937338465,393241.1365967532,3530014202,anchor|named_interchange_or_intersection|branch|node_type_106,R011,0.0,R011,,,,,
R012,ROAD,청주JC,36.570233958285506,127.42885630180209,238387.0845999997,441405.8582000006,2830018302,anchor|named_interchange_or_intersection|branch|node_type_106,R012,0.0,R012,,,,,
R013,ROAD,적석교차로,36.75847833266614,127.98464273279068,287922.36481666693,462662.13668395666,2800135802,anchor|named_interchange_or_intersection|branch|node_type_106,R013,0.0,R013,,,,,
R014,ROAD,검승교차로,36.801985282403976,127.82986453530074,274059.4741049671,467359.4208217225,2800132602,anchor|named_interchange_or_intersection|branch|node_type_106,R014,0.0,R014,,,,,
R015,ROAD,쌍곡2교차로,36.780526873189345,127.90269321445172,280581.53190902463,465036.88996646635,2800133702,anchor|named_interchange_or_intersection|branch|node_type_106,R015,0.0,R015,,,,,
R016,ROAD,안성JC(북측),37.044565565169194,127.13711671594014,212197.86458379336,493967.54856991465,2310014002,anchor|named_interchange_or_intersection|branch|node_type_106,R016,0.0,R016,,,,,
R017,ROAD,동군위IC,36.095711193171624,128.66305825397893,349772.5582827997,389945.5314241112,3610089902,anchor|named_interchange_or_intersection|branch|node_type_106,R017,0.0,R017,,,,,
R018,ROAD,낙동JC,36.367406915229424,128.24643740028336,311862.4365199174,419534.5607406352,3580091902,anchor|named_interchange_or_intersection|branch|node_type_106,R018,0.0,R018,,,,,
R019,ROAD,상주IC,36.42003963998809,128.21430362043102,308904.97719635145,425338.6836615097,3580012301,anchor|named_interchange_or_intersection|branch|node_type_106,R019,0.0,R019,,,,,
R020,ROAD,상주IC,36.4254156188043,128.2130900295645,308788.6304454128,425933.9098428317,3580013301,anchor|named_interchange_or_intersection|branch|node_type_106,R020,0.0,R020,,,,,
R021,ROAD,북상주IC,36.52854091633443,128.17185273214872,304951.1849053276,437332.5024573379,3580018901,anchor|named_interchange_or_intersection|branch|node_type_106,R021,0.0,R021,,,,,
R022,ROAD,익산JC,35.95029565949491,127.09709381272272,208759.82767226192,372533.8876654077,3080137502,anchor|named_interchange_or_intersection|branch|node_type_106,R022,0.0,R022,,,,,
R023,ROAD,음성IC교차로,36.98515029010112,127.61838443505032,255054.43269907287,487543.71186233714,2810025001,anchor|named_interchange_or_intersection|branch|node_type_106,R023,0.0,R023,,,,,
R024,ROAD,안성IC(북측),36.99681521692905,127.15334893688156,213650.4190408239,488670.50880353287,2310003202,anchor|named_interchange_or_intersection|branch|node_type_106,R024,0.0,R024,,,,,
R025,ROAD,안성JC(남측),37.02625552092633,127.14155342448896,212595.57689765512,491936.1073926271,2140014601,anchor|named_interchange_or_intersection|branch|node_type_106,R025,0.0,R025,,,,,
R026,ROAD,도동JC,35.91452991999719,128.65628608036667,349504.38819015725,369828.79187693424,1510018701,anchor|named_interchange_or_intersection|branch|node_type_106,R026,0.0,R026,,,,,
R027,ROAD,문경새재IC,36.701291709495344,128.11469744189978,299609.673438619,456442.98370796227,3590012601,anchor|named_interchange_or_intersection|branch|node_type_106,R027,0.0,R027,,,,,
R028,ROAD,신녕IC교차로,36.037132492257925,128.8122665900332,363332.4615000002,383684.8080000002,3570849602,anchor|named_interchange_or_intersection|branch|node_type_106,R028,0.0,R028,,,,,
R029,ROAD,천안IC,36.82468230491583,127.16747674491668,214941.54704240547,469569.9876671784,3010090302,anchor|named_interchange_or_intersection|branch|node_type_106,R029,0.0,R029,,,,,
R030,ROAD,신녕IC교차로,36.037146103651686,128.8123989274965,363344.3616699905,383686.5405979268,3570849601,anchor|named_interchange_or_intersection|branch|node_type_106,R030,0.0,R030,,,,,
R031,ROAD,신녕IC,36.041004458866375,128.81041895096783,363157.9330000002,384111.4085000008,3570849402,anchor|named_interchange_or_intersection|branch|node_type_106,R031,0.0,R031,,,,,
R032,ROAD,고령JC,35.76045571960374,128.371503748106,324036.5136059894,352333.25136414816,3670008501,anchor|named_interchange_or_intersection|branch|node_type_106,R032,0.0,R032,,,,,
R033,ROAD,영동IC(남측),36.26743629402015,127.8356666129268,275092.37119999994,408043.7371999994,2770102901,anchor|named_interchange_or_intersection|branch|node_type_106,R033,0.0,R033,,,,,
R034,ROAD,황간IC,36.22183977626684,127.90571718425969,281434.5081000002,403040.5862000007,2770105201,anchor|named_interchange_or_intersection|branch|node_type_106,R034,0.0,R034,,,,,
R035,ROAD,황간IC(동측),36.22241443448485,127.91206808205136,282004.9424112965,403109.707718928,2770105301,anchor|named_interchange_or_intersection|branch|node_type_106,R035,0.0,R035,,,,,
R036,ROAD,추풍령IC(북측),36.20406739852911,128.00113392216826,290034.1961999996,401152.7876999986,3530109401,anchor|named_interchange_or_intersection|branch|node_type_106,R036,0.0,R036,,,,,
R037,ROAD,김천IC(서측),36.13390610667996,128.09194786524031,298289.1648000004,393455.2342000008,3530110501,anchor|named_interchange_or_intersection|branch|node_type_106,R037,0.0,R037,,,,,
R038,ROAD,김천IC앞,36.12777156428802,128.09497695771245,298569.5035050715,392777.56726981193,3530110802,anchor|named_interchange_or_intersection|branch|node_type_106,R038,0.0,R038,,,,,
R039,ROAD,현풍JC,35.66807515794538,128.43569674515243,329992.3765171835,342165.3864129403,1570012601,anchor|named_interchange_or_intersection|branch|node_type_106,R039,0.0,R039,,,,,
R040,ROAD,죽산교차로,37.08088076253459,127.43492860234085,238672.7804629561,498077.4748953468,2310020305,anchor|named_interchange_or_intersection|branch|node_type_106,R040,0.0,R040,,,,,
R041,ROAD,연풍IC교차로,36.757268958169774,127.99891954383452,289198.6308741616,462541.1304026142,2800135901,anchor|named_interchange_or_intersection|branch|node_type_106,R041,0.0,R041,,,,,
R042,ROAD,적석교차로,36.758854739149655,127.97719819973524,287257.17019058287,462697.0978597113,2800135601,anchor|named_interchange_or_intersection|branch|node_type_106,R042,0.0,R042,,,,,
R043,ROAD,동진교차로,36.80936725558232,127.8122716647325,272482.4474396204,468165.17204091046,2800132202,anchor|named_interchange_or_intersection|branch|node_type_106,R043,0.0,R043,,,,,
R044,ROAD,검승교차로,36.8035336902271,127.82546871001632,273665.68718462565,467527.8637574119,2800132307,anchor|named_interchange_or_intersection|branch|node_type_106,R044,0.0,R044,,,,,
R045,ROAD,칠성교차로,36.79060653128961,127.85404600586614,276228.8175545663,466115.63608056394,2800133002,anchor|named_interchange_or_intersection|branch|node_type_106,R045,0.0,R045,,,,,
R046,ROAD,동진교차로,36.80938374915422,127.8121456688546,272471.18853200995,468166.9069508184,2800132203,anchor|named_interchange_or_intersection|branch|node_type_106,R046,0.0,R046,,,,,
R047,ROAD,칠성교차로,36.79244212733117,127.8481301918743,275698.9779159677,466314.64760753734,2800132702,anchor|named_interchange_or_intersection|branch|node_type_106,R047,0.0,R047,,,,,
R048,ROAD,쌍곡1교차로,36.78177620710401,127.88209696018058,278741.6272706515,465158.38981107855,2800133307,anchor|named_interchange_or_intersection|branch|node_type_106,R048,0.0,R048,,,,,
R049,ROAD,논산JC,36.07600835431453,127.10180372261796,209170.1843359657,386483.3131880316,3080140302,anchor|named_interchange_or_intersection|branch|node_type_106,R049,0.0,R049,,,,,
R050,ROAD,익산IC(북측),35.994484221169145,127.11331312823566,210217.44300366865,377438.5641060144,3120019302,anchor|named_interchange_or_intersection|branch|node_type_106,R050,0.0,R050,,,,,
R051,ROAD,신녕IC,36.04368929724763,128.8078888691198,362924.3607916311,384405.1256928821,3570849202,anchor|named_interchange_or_intersection|branch|node_type_106,R051,0.0,R051,,,,,
R052,ROAD,상주JC,36.37524463790464,128.26923678586823,313897.2554352656,420430.98592862627,3580108301,anchor|named_interchange_or_intersection|branch|node_type_106,R052,0.0,R052,,,,,
R053,ROAD,성서IC,35.853319915517204,128.52223962084247,337509.5736049871,362839.432770216,1560004001,anchor|named_interchange_or_intersection|branch|node_type_106,R053,0.0,R053,,,,,
R054,ROAD,천안IC,36.83117832373901,127.17253483995457,215391.50744586883,470291.683054915,3010092701,anchor|named_interchange_or_intersection|branch|node_type_106,R054,0.0,R054,,,,,
R055,ROAD,북천안IC,36.895280943952415,127.18927470295873,216870.74251317471,477408.31396960886,3020169301,anchor|named_interchange_or_intersection|branch|node_type_106,R055,0.0,R055,,,,,
R056,ROAD,북천안IC,36.900070890564024,127.18924093533236,216866.6785704748,477939.87661837734,3020169201,anchor|named_interchange_or_intersection|branch|node_type_106,R056,0.0,R056,,,,,
R057,ROAD,안성IC(남측),36.99165762951289,127.155325409994,213827.28943325175,488098.4170750493,2310002701,anchor|named_interchange_or_intersection|branch|node_type_106,R057,0.0,R057,,,,,
R058,ROAD,공주분기점,36.48115389964531,127.08942967778486,208014.0454132532,431438.8754537599,2860033802,anchor|named_interchange_or_intersection|branch|node_type_106,R058,0.0,R058,,,,,
R059,ROAD,공주IC,36.50309975944489,127.10406750226372,209323.15192935773,433875.4850174976,2860036101,anchor|named_interchange_or_intersection|branch|node_type_106,R059,0.0,R059,,,,,
R060,ROAD,남대구IC,35.83797038788472,128.52784005726662,338042.12447116774,361144.00601286336,1560001601,anchor|named_interchange_or_intersection|branch|node_type_106,R060,0.0,R060,,,,,
R061,ROAD,성서IC,35.845166500387904,128.52490596997052,337764.55888903834,361938.41178887145,1560001704,anchor|named_interchange_or_intersection|branch|node_type_106,R061,0.0,R061,,,,,
R062,ROAD,유천IC(남측),35.811905393436476,128.50258609121877,335804.639719393,358216.28847299283,1570186101,anchor|named_interchange_or_intersection|branch|node_type_106,R062,0.0,R062,,,,,
R063,ROAD,남풍세IC,36.721445942406376,127.13777413474156,212308.09951453423,458109.2577226642,3010051801,anchor|named_interchange_or_intersection|branch|node_type_106,R063,0.0,R063,,,,,
R064,ROAD,정안IC,36.62790401893978,127.12047259950452,210775.49657666063,447726.6755803272,2860027301,anchor|named_interchange_or_intersection|branch|node_type_106,R064,0.0,R064,,,,,
R065,ROAD,도개IC,36.31590743018555,128.32042943508785,318581.31299982744,413907.6675083304,3550145701,anchor|named_interchange_or_intersection|branch|node_type_106,R065,0.0,R065,,,,,
R066,ROAD,진천IC,36.86651440683902,127.47553770998928,242402.42274271636,474304.7774691573,2790006802,anchor|named_interchange_or_intersection|branch|node_type_106,R066,0.0,R066,,,,,
R067,ROAD,신녕IC교차로,36.03722256851519,128.8155938056297,363632.17507103464,383700.39200833184,3570849902,anchor|named_interchange_or_intersection|branch|node_type_106,R067,0.0,R067,,,,,
R068,ROAD,익산JC,35.939474223747574,127.08415106332905,207593.16455336375,371332.0783295891,3080137402,anchor|named_interchange_or_intersection|branch|node_type_106,R068,0.0,R068,,,,,
R069,ROAD,삼례IC(남측),35.92333707395921,127.0776690782043,207009.7027620178,369541.0515371968,3080002102,anchor|named_interchange_or_intersection|branch|node_type_106,R069,0.0,R069,,,,,
R070,ROAD,공주분기점,36.48110517556175,127.08957278790484,208026.87494305213,431433.4805512461,2860033801,anchor|named_interchange_or_intersection|branch|node_type_106,R070,0.0,R070,,,,,
R071,ROAD,서군위하이패스IC,36.24747862368556,128.4779727167241,332846.3441169831,406518.43058699014,3610090301,anchor|named_interchange_or_intersection|branch|node_type_106,R071,0.0,R071,,,,,
R072,ROAD,남공주IC,36.42916959662197,127.07978491665963,207154.52404941444,425669.5488892941,2860011301,anchor|named_interchange_or_intersection|branch|node_type_106,R072,0.0,R072,,,,,
R073,ROAD,동군위IC,36.0993479820504,128.65900089660275,349400.24023899814,390342.8815788615,3610089501,anchor|named_interchange_or_intersection|branch|node_type_106,R073,0.0,R073,,,,,
R074,ROAD,천안IC,36.824536638007295,127.16785233970874,214975.08438863177,469553.881128362,3010090301,anchor|named_interchange_or_intersection|branch|node_type_106,R074,0.0,R074,,,,,
R075,ROAD,남이JC,36.59318974308798,127.42441195522235,237978.02139999997,443951.51300000027,2830014701,anchor|named_interchange_or_intersection|branch|node_type_106,R075,0.0,R075,,,,,
R076,ROAD,청주JC,36.570282003099216,127.42900343015955,238400.23039999977,441411.2485000007,2830018301,anchor|named_interchange_or_intersection|branch|node_type_106,R076,0.0,R076,,,,,
R077,ROAD,음성IC교차로,36.97944820754422,127.62209645787576,255389.04914353305,486913.0520426048,2810024701,anchor|named_interchange_or_intersection|branch|node_type_106,R077,0.0,R077,,,,,
R078,ROAD,일죽IC삼거리,37.0863332160685,127.4509877002837,240097.8518516014,498689.2453808157,2310021213,anchor|named_interchange_or_intersection|branch|node_type_106,R078,0.0,R078,,,,,
R079,ROAD,일죽IC삼거리,37.086297963851386,127.4508827427588,240088.5384661103,498685.28879271867,2310021214,anchor|named_interchange_or_intersection|branch|node_type_106,R079,0.0,R079,,,,,
R080,ROAD,천안JC,36.774983964681795,127.17749092910871,215845.20416157713,464056.3737961002,3010095602,anchor|named_interchange_or_intersection|branch|node_type_101,R080,0.0,R080,,,,,
R081,ROAD,창녕IC,35.54629721838311,128.476040101969,333848.17233195156,328706.5920362724,3910015901,anchor|named_interchange_or_intersection|branch|node_type_106,R081,0.0,R081,,,,,
R082,ROAD,창녕IC(북측),35.54473785760539,128.4763137956636,333875.5853000004,328533.9331,3910146600,anchor|named_interchange_or_intersection|branch|node_type_106,R082,0.0,R082,,,,,
R083,ROAD,군산IC(북측),36.01235071106646,126.79807695384709,181796.70100000035,379433.93480000086,3070024802,anchor|named_interchange_or_intersection|branch|node_type_106,R083,0.0,R083,,,,,
R084,ROAD,익산IC(북측),35.99450424325771,127.11351881733802,210235.98740748895,377440.8073130559,3120019301,anchor|named_interchange_or_intersection|branch|node_type_106,R084,0.0,R084,,,,,
R085,ROAD,판교JC(남측),37.40228328532088,127.09840965710806,208713.24581695703,533663.4699006402,2060004901,anchor|named_interchange_or_intersection|branch|node_type_106,R085,0.0,R085,,,,,
R086,ROAD,동군위IC,36.09736435149866,128.6606822273939,349555.4247000003,390125.3331000004,3610089602,anchor|named_interchange_or_intersection|branch|node_type_106,R086,0.0,R086,,,,,
R087,ROAD,오창IC,36.713655279370926,127.44174744651173,239467.74628378492,457326.8183750924,2840034002,anchor|named_interchange_or_intersection|branch|node_type_106,R087,0.0,R087,,,,,
R088,ROAD,남천안IC,36.75088222720619,127.16430365467824,214672.5219670693,461379.6213664826,3010088002,anchor|named_interchange_or_intersection|branch|node_type_106,R088,0.0,R088,,,,,
R089,ROAD,음성１교차로,36.91363262693336,127.6926537116851,261724.3509540966,479652.26951118896,2810938004,anchor|named_interchange_or_intersection|branch|node_type_106,R089,0.0,R089,,,,,
R090,ROAD,청주IC,36.62478912134431,127.38388435605036,234337.42739911212,447442.8795706142,2710003402,anchor|named_interchange_or_intersection|branch|node_type_106,R090,0.0,R090,,,,,
R091,ROAD,대동IC,35.25383371422928,128.98350460601972,380521.69438538974,297059.9386379209,3850319702,anchor|named_interchange_or_intersection|branch|node_type_106,R091,0.0,R091,,,,,
R092,ROAD,안성JC(북측),37.0445467306126,127.13689314928646,212177.9791551202,493965.42968775786,2310014003,anchor|named_interchange_or_intersection|branch|node_type_106,R092,0.0,R092,,,,,
R093,ROAD,목천IC,36.75843654649878,127.21852144999136,219512.3315828183,462227.6271799497,3010104002,anchor|named_interchange_or_intersection|branch|node_type_106,R093,0.0,R093,,,,,
R094,ROAD,고령JC,35.75505980774519,128.37416793768057,324285.8664989119,351737.87017173175,3670008201,anchor|named_interchange_or_intersection|branch|node_type_106,R094,0.0,R094,,,,,
R095,ROAD,현풍JC,35.6798480647156,128.4324343977203,329677.9232000001,343467.4450000003,1570012901,anchor|named_interchange_or_intersection|branch|node_type_106,R095,0.0,R095,,,,,
R096,ROAD,문의IC,36.52847329115303,127.5105373560586,245723.0292543095,436807.3672561521,2700132602,anchor|named_interchange_or_intersection|branch|node_type_106,R096,0.0,R096,,,,,
R097,ROAD,창녕IC사거리,35.53926406679254,128.4793195605694,334157.29291079874,327930.63510021917,3910014401,anchor|named_interchange_or_intersection|branch|node_type_106,R097,0.0,R097,,,,,
R098,ROAD,북천안IC,36.895279389247065,127.18906244900802,216851.8238691815,477408.10393466894,3020169302,anchor|named_interchange_or_intersection|branch|node_type_106,R098,0.0,R098,,,,,
R099,ROAD,상용사거리,36.270948842584,127.825089052218,274138.538768128,408425.3662727243,2770018302,anchor|named_interchange_or_intersection|branch|node_type_106,R099,0.0,R099,,,,,
R100,ROAD,상용사거리,36.27103719342889,127.82502461491816,274132.6650963861,408435.1210163225,2770018301,anchor|named_interchange_or_intersection|branch|node_type_106,R100,0.0,R100,,,,,
R101,ROAD,안성IC(남측),36.99160019161688,127.15511222639392,213808.321895666,488092.01182024647,2310002702,anchor|named_interchange_or_intersection|branch|node_type_106,R101,0.0,R101,,,,,
R102,ROAD,서대구IC,35.87367675495891,128.53153679105526,338314.10032504203,365111.52425054566,1520000901,anchor|named_interchange_or_intersection|branch|node_type_106,R102,0.0,R102,,,,,
R103,ROAD,북대구IC,35.90957144571069,128.58304631899114,342901.7912817047,369168.88699246367,1540004302,anchor|named_interchange_or_intersection|branch|node_type_106,R103,0.0,R103,,,,,
R104,ROAD,정안IC,36.621810251252136,127.12040849017458,210770.6102075624,447050.4387444501,2860027001,anchor|named_interchange_or_intersection|branch|node_type_106,R104,0.0,R104,,,,,
R105,ROAD,공주JC,36.48951625889332,127.09393530160663,208416.90253436464,432367.2144271436,2860035001,anchor|named_interchange_or_intersection|branch|node_type_106,R105,0.0,R105,,,,,
R106,ROAD,남청주IC,36.53714634670873,127.43079436015589,238577.0042417993,437734.8941518181,2830019901,anchor|named_interchange_or_intersection|branch|node_type_106,R106,0.0,R106,,,,,
R107,ROAD,남대구IC,35.8361192513152,128.52718209707837,337985.87898108485,360937.6599620428,1560001301,anchor|named_interchange_or_intersection|branch|node_type_106,R107,0.0,R107,,,,,
R108,ROAD,서논산IC,36.22199492573471,127.05212063149696,204686.18243871597,402678.70304987766,2900015502,anchor|named_interchange_or_intersection|branch|node_type_106,R108,0.0,R108,,,,,
R109,ROAD,성주IC,35.922897465510324,128.24582184137216,312439.9164282954,370206.74660494097,3680012801,anchor|named_interchange_or_intersection|branch|node_type_106,R109,0.0,R109,,,,,
R110,ROAD,이서JC,35.80795260382436,127.0261057159435,202359.4813135119,356735.92017996043,3120945000,anchor|named_interchange_or_intersection|branch|node_type_106,R110,0.0,R110,,,,,
R111,ROAD,군위JC,36.16139107009317,128.56548207759613,340866.8490166323,397088.3870528312,3610088801,anchor|named_interchange_or_intersection|branch|node_type_106,R111,0.0,R111,,,,,
R112,ROAD,함양JCT1교,35.537443929892554,127.7683668138328,269681.7695256484,326993.45417665725,3960007903,anchor|named_interchange_or_intersection|branch|node_type_106,R112,0.0,R112,,,,,
R113,ROAD,양지IC(서측),37.2391037593719,127.29093432732004,225815.2667599269,515588.3257138904,2430087101,anchor|named_interchange_or_intersection|branch|node_type_106,R113,0.0,R113,,,,,
R114,ROAD,남제천IC(북측),37.07717826501417,128.18061368733447,304984.1375761894,498230.2307008732,2730007902,anchor|named_interchange_or_intersection|branch|node_type_106,R114,0.0,R114,,,,,
R115,ROAD,팔탄JC,37.19079347858841,126.8720714234477,188641.37586305948,510194.7725190402,2330508904,anchor|named_interchange_or_intersection|branch|node_type_106,R115,0.0,R115,,,,,
R116,ROAD,북양주IC교차로,37.85615837467531,127.0539852493086,204750.9041256266,584035.6556166928,2350007210,anchor|named_interchange_or_intersection|branch|node_type_106,R116,0.0,R116,,,,,
R117,ROAD,동충주교차로,37.06753034366294,127.93070055228984,282770.8962240803,496912.5837436408,2720127702,anchor|named_interchange_or_intersection|branch|node_type_106,R117,0.0,R117,,,,,
R118,ROAD,군산IC(남측),36.00531467298401,126.80197721891535,182146.72276402783,378652.49890674034,3070023401,anchor|named_interchange_or_intersection|branch|node_type_106,R118,0.0,R118,,,,,
R119,ROAD,남원IC(동측),35.43286161449249,127.40212407909132,236514.90609507496,315192.8058688548,3100011901,anchor|named_interchange_or_intersection|branch|node_type_106,R119,0.0,R119,,,,,
R120,ROAD,대동IC교차로,35.25220447328812,128.98196380166644,380385.05583093874,296876.3432602349,3850319601,anchor|named_interchange_or_intersection|branch|node_type_106,R120,0.0,R120,,,,,
R121,ROAD,보은IC,36.45743194298307,127.71595233518336,264178.5453267872,429041.064283636,2750013309,anchor|named_interchange_or_intersection|branch|node_type_106,R121,0.0,R121,,,,,
R122,ROAD,장성JC,35.333435243777565,126.80833935736467,182574.91108444153,304104.2546445364,3420013401,anchor|named_interchange_or_intersection|branch|node_type_106,R122,0.0,R122,,,,,
R123,ROAD,청송IC,36.45507448204165,129.02343508806447,381397.6264219443,430444.889149814,3630085902,anchor|named_interchange_or_intersection|branch|node_type_106,R123,0.0,R123,,,,,
R124,ROAD,대덕밸리IC,36.410728734849975,127.3801922802339,234100.9781333797,423687.42454891733,1860005602,anchor|named_interchange_or_intersection|branch|node_type_106,R124,0.0,R124,,,,,
R125,ROAD,일직JC,37.428215599071535,126.89582294695076,190779.2851440695,536542.1287927132,2130000402,anchor|named_interchange_or_intersection|branch|node_type_106,R125,0.0,R125,,,,,
R126,ROAD,남원JC,35.404306439625294,127.30279622364142,227505.10413107253,311992.47689111537,3100021802,anchor|named_interchange_or_intersection|branch|node_type_106,R126,0.0,R126,,,,,
R127,ROAD,지리산IC(동측),35.485174694466664,127.5912151310759,253650.7566198168,321083.2861158138,3100016001,anchor|named_interchange_or_intersection|branch|node_type_106,R127,0.0,R127,,,,,
R128,ROAD,서평택IC(남측),36.995693634241526,126.86921679910532,188358.10936552996,488543.0409977042,2140007502,anchor|named_interchange_or_intersection|branch|node_type_106,R128,0.0,R128,,,,,
R129,ROAD,금산IC,36.10689923489587,127.51645943702984,246503.15559275067,390029.7001999192,2920005101,anchor|named_interchange_or_intersection|branch|node_type_106,R129,0.0,R129,,,,,
R130,ROAD,생초IC,35.48353935803666,127.82185070227648,274582.064924271,321051.6686958393,3950017501,anchor|named_interchange_or_intersection|branch|node_type_106,R130,0.0,R130,,,,,
R131,ROAD,함안IC,35.289398412300955,128.3874629160979,326215.5305204087,300084.6319474127,3900007601,anchor|named_interchange_or_intersection|branch|node_type_106,R131,0.0,R131,,,,,
R132,ROAD,덕유산IC,35.84427570320144,127.64653176022328,258408.4701710252,360958.8439389639,3140001303,anchor|named_interchange_or_intersection|branch|node_type_106,R132,0.0,R132,,,,,
R133,ROAD,가조IC(서측),35.70306766640684,128.02445364608658,292715.1280393659,345581.90281967894,3970007902,anchor|named_interchange_or_intersection|branch|node_type_106,R133,0.0,R133,,,,,
R134,ROAD,부안IC(북측),35.72873957502566,126.77110754543736,179291.74989795664,347970.7013771217,3190012801,anchor|named_interchange_or_intersection|branch|node_type_106,R134,0.0,R134,,,,,
R135,ROAD,서진주IC,35.185235884235965,128.04052840294332,294775.1405796435,288141.29452314967,3810013901,anchor|named_interchange_or_intersection|branch|node_type_106,R135,0.0,R135,,,,,
R136,ROAD,진주JC,35.13990305355468,128.09278251824213,299590.08029999956,283162.66310000047,3810003001,anchor|named_interchange_or_intersection|branch|node_type_106,R136,0.0,R136,,,,,
R137,ROAD,가작교차로,35.28125038307287,126.7925330558734,181125.7408584133,298317.4239991392,3420017805,anchor|named_interchange_or_intersection|branch|node_type_106,R137,0.0,R137,,,,,
R138,ROAD,해인사IC(동측),35.696354938884596,128.1904594437108,307748.66788655554,345006.5482941284,3980017401,anchor|named_interchange_or_intersection|branch|node_type_106,R138,0.0,R138,,,,,
R139,ROAD,순천JC,34.995451268940634,127.53297238260724,248657.00784406732,266720.03560204804,3260085501,anchor|named_interchange_or_intersection|branch|node_type_106,R139,0.0,R139,,,,,
R140,ROAD,풍기IC앞교차로,36.848405352295714,128.5270580223213,336199.9252626217,473278.1657335125,3560009901,anchor|named_interchange_or_intersection|branch|node_type_106,R140,0.0,R140,,,,,
R141,ROAD,김포IC,37.5953046346749,126.77906846736086,180488.87524466284,555104.7376663145,2320000801,anchor|named_interchange_or_intersection|branch|node_type_106,R141,0.0,R141,,,,,
R142,ROAD,황전IC,35.14826841735928,127.45598319904474,241550.79565680676,283639.2533058065,3260087201,anchor|named_interchange_or_intersection|branch|node_type_106,R142,0.0,R142,,,,,
R143,ROAD,여주JC(남측),37.22700919397478,127.59214850930802,252551.2742999997,514370.6725999992,2370005401,anchor|named_interchange_or_intersection|branch|node_type_106,R143,0.0,R143,,,,,
R144,ROAD,청도IC,35.65455375130309,128.7465660195911,358168.6696241845,341120.86092663015,3660012302,anchor|named_interchange_or_intersection|branch|node_type_106,R144,0.0,R144,,,,,
R145,ROAD,만종JC,37.36933575859517,127.89906281812056,279639.2203613981,530381.5081547346,2510022901,anchor|named_interchange_or_intersection|branch|node_type_106,R145,0.0,R145,,,,,
R146,ROAD,홍천IC,37.670913830516,127.85255177430176,275215.81438473816,563815.6180570617,2570005708,anchor|named_interchange_or_intersection|branch|node_type_106,R146,0.0,R146,,,,,
R147,ROAD,서산IC앞,36.81292545436418,126.56945007255646,161582.24445058673,468338.68473121594,2890010103,anchor|named_interchange_or_intersection|branch|node_type_106,R147,0.0,R147,,,,,
R148,ROAD,안동JC,36.427050163737114,128.61855396026374,345149.6807301741,426648.98188741744,3540161501,anchor|named_interchange_or_intersection|branch|node_type_106,R148,0.0,R148,,,,,
R149,ROAD,남밀양IC,35.45422589122156,128.77308673725722,360970.7720405819,318933.87356331694,3860019102,anchor|named_interchange_or_intersection|branch|node_type_106,R149,0.0,R149,,,,,
R150,ROAD,주암IC입구,35.064406026453696,127.26456397207086,224132.6507405854,274272.1711471222,3260022511,anchor|named_interchange_or_intersection|branch|node_type_106,R150,0.0,R150,,,,,
R151,ROAD,동광양IC(동측),34.971419859625826,127.66177711386928,260433.88441342677,264124.2401761771,3280009401,anchor|named_interchange_or_intersection|branch|node_type_106,R151,0.0,R151,,,,,
R152,ROAD,담양JC,35.2484271361785,126.96959260976412,197232.5806023456,294656.5212101465,3290007216,anchor|named_interchange_or_intersection|branch|node_type_106,R152,0.0,R152,,,,,
R153,ROAD,하동IC,35.00061485963678,127.81134425768806,274066.4322220322,267463.90321599646,3940002401,anchor|named_interchange_or_intersection|branch|node_type_106,R153,0.0,R153,,,,,
R154,ROAD,동안동IC,36.43681477658416,128.89078596332192,369544.2699845453,428176.8492679024,3540164102,anchor|named_interchange_or_intersection|branch|node_type_106,R154,0.0,R154,,,,,
R155,ROAD,옥천IC,36.31066926966624,127.57000857697388,251191.9978,412667.8914000001,2760149801,anchor|named_interchange_or_intersection|branch|node_type_106,R155,0.0,R155,,,,,
R156,ROAD,청량IC교차로,35.47958471802382,129.2901431460611,407854.0661997928,322714.1966726505,1960353802,anchor|named_interchange_or_intersection|branch|node_type_106,R156,0.0,R156,,,,,
R157,ROAD,장유IC(서측),35.19540150004512,128.80554052581957,364440.9160128319,290266.8345778996,3850002102,anchor|named_interchange_or_intersection|branch|node_type_106,R157,0.0,R157,,,,,
R158,ROAD,동양평IC,37.399426064800494,127.75639392009435,266974.5880013946,533610.3325971061,2400146902,anchor|named_interchange_or_intersection|branch|node_type_106,R158,0.0,R158,,,,,
R159,ROAD,무주IC,35.97580850400379,127.64755233083078,258403.92162191248,375554.2761174647,3140011501,anchor|named_interchange_or_intersection|branch|node_type_106,R159,0.0,R159,,,,,
R160,ROAD,문덕교차로램프,35.94549994703738,129.3933703230259,415963.1676829749,374646.1132396844,3500091002,anchor|named_interchange_or_intersection|branch|node_type_106,R160,0.0,R160,,,,,
R161,ROAD,남이천IC(북측),37.18747377890298,127.44158702463425,239209.79280598124,509910.0115508569,2300265401,anchor|named_interchange_or_intersection|branch|node_type_106,R161,0.0,R161,,,,,
R162,ROAD,서포항IC입구,36.06512462044577,129.2244225124345,400412.692427863,387561.7956446125,3510006310,anchor|named_interchange_or_intersection|branch|node_type_106,R162,0.0,R162,,,,,
R163,ROAD,영덕IC,36.38824150562738,129.3693324384768,412593.84609999973,423733.5421999991,3650170410,anchor|named_interchange_or_intersection|branch|node_type_106,R163,0.0,R163,,,,,
R164,ROAD,화서IC앞,36.44544183129012,127.95588062139224,285699.6181973273,427896.9731000185,3580026302,anchor|named_interchange_or_intersection|branch|node_type_106,R164,0.0,R164,,,,,
R165,ROAD,서부여IC,36.237577539914184,126.78890441555836,181024.08222925404,404427.2054246294,2940015301,anchor|named_interchange_or_intersection|branch|node_type_106,R165,0.0,R165,,,,,
R166,ROAD,대강교차로,36.91915126503056,128.3716169545301,322222.3422710673,480919.48984710267,2820001914,anchor|named_interchange_or_intersection|branch|node_type_106,R166,0.0,R166,,,,,
R167,ROAD,신림IC앞,37.23596396173221,128.0862454775043,296390.48685374984,515753.12630934385,2510003506,anchor|named_interchange_or_intersection|branch|node_type_106,R167,0.0,R167,,,,,
R168,ROAD,함평JC,35.02561191706836,126.4871628936932,153198.4163180361,270056.5054458762,3400015702,anchor|named_interchange_or_intersection|branch|node_type_106,R168,0.0,R168,,,,,
R169,ROAD,속사IC앞,37.63647870612496,128.49418800211384,331887.2273063026,560701.9417730969,2600014104,anchor|named_interchange_or_intersection|branch|node_type_106,R169,0.0,R169,,,,,
R170,ROAD,벌교IC,34.83964711489053,127.30145372771976,227572.78097581185,249346.9148351611,3330028402,anchor|named_interchange_or_intersection|branch|node_type_106,R170,0.0,R170,,,,,
R171,ROAD,정읍IC(남측),35.57828553300431,126.83199013454905,184771.3645010107,331266.2716777736,3090009202,anchor|named_interchange_or_intersection|branch|node_type_106,R171,0.0,R171,,,,,
R172,ROAD,남안동IC,36.47356661240001,128.62200225870626,345372.0923925024,431816.5981731047,3540003801,anchor|named_interchange_or_intersection|branch|node_type_106,R172,0.0,R172,,,,,
R173,ROAD,현충교차로,36.79607828772292,127.044832113978,204001.21300000045,466383.5318999998,2881946801,anchor|named_interchange_or_intersection|branch|node_type_106,R173,0.0,R173,,,,,
R174,ROAD,예천IC,36.66963158561876,128.54358409809632,337993.9735107429,453460.71310655336,3700011801,anchor|named_interchange_or_intersection|branch|node_type_106,R174,0.0,R174,,,,,
R175,ROAD,일로IC앞,34.86143355653619,126.47955009369716,152408.8978813101,251845.9684728674,3390003551,anchor|named_interchange_or_intersection|branch|node_type_106,R175,0.0,R175,,,,,
R176,ROAD,문평IC교차로,35.064855505024795,126.59960228547882,163477.1871829349,274363.3442427531,3270015403,anchor|named_interchange_or_intersection|branch|node_type_106,R176,0.0,R176,,,,,
R177,ROAD,내포IC,37.85270602934879,126.76547602596554,179360.03581644635,583677.0145518994,2290013003,anchor|named_interchange_or_intersection|branch|node_type_106,R177,0.0,R177,,,,,
R178,ROAD,춘천IC입구(남측),37.84165131007128,127.76539521180986,267371.3415728322,582700.1636808723,2500009102,anchor|named_interchange_or_intersection|branch|node_type_106,R178,0.0,R178,,,,,
R179,ROAD,공항신도시JC도윽,37.482210447292694,126.49406486699463,155251.69746048213,542649.9422131594,1720156700,anchor|named_interchange_or_intersection|branch|node_type_106,R179,0.0,R179,,,,,
R180,ROAD,임고하이패스IC(서측),36.05490444668178,129.00439112099102,380609.3596000001,385996.6126000006,3570881901,anchor|named_interchange_or_intersection|branch|node_type_106,R180,0.0,R180,,,,,
R181,ROAD,서마산IC,35.235922159326385,128.5643053923312,342397.4562097555,294390.41194723593,4170024201,anchor|named_interchange_or_intersection|branch|node_type_106,R181,0.0,R181,,,,,
R182,ROAD,진안IC,35.77158402565989,127.44650802903824,240374.71530558492,352792.2899585127,3130018502,anchor|named_interchange_or_intersection|branch|node_type_106,R182,0.0,R182,,,,,
R183,ROAD,동청송영양IC교차로,36.50269152404785,129.1221119641349,390128.5871371848,435920.1906857367,3630087704,anchor|named_interchange_or_intersection|branch|node_type_106,R183,0.0,R183,,,,,
R184,ROAD,문수IC교차로,35.51218997561298,129.23679603851727,402929.3831169554,326221.54939099716,1960005809,anchor|named_interchange_or_intersection|branch|node_type_106,R184,0.0,R184,,,,,
R185,ROAD,달뫼IC,37.66031407070023,127.32906772733403,229035.67756117877,562348.0933614221,2220316200,anchor|named_interchange_or_intersection|branch|node_type_106,R185,0.0,R185,,,,,
R186,ROAD,원거교차로,37.90945860412725,128.04621881235678,292006.1027704375,590466.4516654216,2570133201,anchor|named_interchange_or_intersection|branch|node_type_106,R186,0.0,R186,,,,,
R187,ROAD,유목교차로,37.97963938716758,128.0931292604705,296040.2010453876,598303.8749465076,2650053601,anchor|named_interchange_or_intersection|branch|node_type_106,R187,0.0,R187,,,,,
R188,ROAD,예산예당호휴게소하이패스IC,36.626643149641495,126.78061324812649,180376.94143984705,447602.41068481706,2980125001,anchor|named_interchange_or_intersection|branch|node_type_106,R188,0.0,R188,,,,,
R189,ROAD,오수IC,35.55178512338973,127.31984741213536,229000.9729955896,328360.10146782314,3160014501,anchor|named_interchange_or_intersection|branch|node_type_106,R189,0.0,R189,,,,,
R190,ROAD,서원주IC,37.394773934207514,127.8650522051658,276600.60744530894,533176.6919563513,2510248701,anchor|named_interchange_or_intersection|branch|node_type_106,R190,0.0,R190,,,,,
R191,ROAD,방흥교차로,36.461893903926224,127.04786493735034,204290.37285161536,429298.98322375095,2860180501,anchor|named_interchange_or_intersection|branch|node_type_106,R191,0.0,R191,,,,,
R192,ROAD,강릉JC,37.764191084907466,128.83704063683513,361874.0911642673,575416.1102796791,2520012902,anchor|named_interchange_or_intersection|branch|node_type_106,R192,0.0,R192,,,,,
R193,ROAD,양평IC,37.52325270288406,127.44460749126394,239302.52325030055,547177.7580366225,2400240102,anchor|named_interchange_or_intersection|branch|node_type_106,R193,0.0,R193,,,,,
R194,ROAD,포천IC교차로,37.88376224092043,127.2115042796434,218606.23561079355,587119.2342133565,2360209602,anchor|named_interchange_or_intersection|branch|node_type_106,R194,0.0,R194,,,,,
R195,ROAD,양양JC,38.06386676303538,128.60516667757454,340867.8447778226,608305.7828299454,2670088102,anchor|named_interchange_or_intersection|branch|node_type_106,R195,0.0,R195,,,,,
R196,ROAD,북양양IC,38.15237303656088,128.5853079274351,338957.1401414308,618100.827765836,2670087502,anchor|named_interchange_or_intersection|branch|node_type_106,R196,0.0,R196,,,,,
R197,ROAD,월곶JC(남측),37.38360859528484,126.76072011073605,178808.7554193392,531613.1801182856,2240004502,anchor|named_interchange_or_intersection|branch|node_type_106,R197,0.0,R197,,,,,
R198,ROAD,영천JC,35.91710485897675,129.00662345392192,381125.37181694194,370707.7625644519,3570850802,anchor|named_interchange_or_intersection|branch|node_type_106,R198,0.0,R198,,,,,
R199,ROAD,통일로IC,37.67371180129533,126.89050547886336,190340.370884598,563789.806930665,2180044101,anchor|named_interchange_or_intersection|branch|node_type_106,R199,0.0,R199,,,,,
R200,ROAD,새말IC앞,37.45140031702426,128.0726756363737,294914.71909880155,539650.5232748854,2580005008,anchor|named_interchange_or_intersection|branch|node_type_106,R200,0.0,R200,,,,,
D01,DEPOT,인천 산업재 물류센터,37.48962289759742,126.64935420063514,168989.648294697,543410.1533357075,,수도권 Depot,R179,17.158134,R179;R197;R141,0,06:00,22:00,0,
D02,DEPOT,당진 산업재 물류센터,36.97369730864784,126.69850622314512,173154.26102941512,486136.450148143,,충청권 Depot,R128,19.198614,R128;R147;R115,0,06:00,22:00,0,
D03,DEPOT,포항 산업재 물류센터,35.95049924084424,129.38195554856236,414919.4362227108,375175.78670306405,,경북권 Depot,R160,1.460335,R160;R162;R198,0,06:00,22:00,0,
D04,DEPOT,울산 산업재 물류센터,35.57681435398278,129.36589031926067,414471.0915785977,333667.1171689473,,울산·경남권 Depot,R156,16.001653,R156;R184;R160,0,06:00,22:00,0,
D05,DEPOT,광양 산업재 물류센터,34.93599270475211,127.57967538708174,252958.92433316988,260147.35822556904,,전남권 Depot,R139,9.828481,R139;R151;R153,0,06:00,22:00,0,
C001,CUSTOMER,Synthetic Customer 001,34.86509890602718,126.47470651425724,,,,synthetic_customer,R175,0.75146,R175;R168;R176,11,08:00,12:00,40,D05
C002,CUSTOMER,Synthetic Customer 002,35.940094497361464,129.3939524270045,,,,synthetic_customer,R160,0.754174,R160;R162;R198,18,08:00,16:00,55,D03
C003,CUSTOMER,Synthetic Customer 003,34.84395341619866,127.30544926273639,,,,synthetic_customer,R170,0.752338,R170;R150;R139,8,10:00,17:00,35,D05
C004,CUSTOMER,Synthetic Customer 004,38.15142779715036,128.5785586176093,,,,synthetic_customer,R196,0.749317,R196;R195;R187,15,08:00,16:00,50,D01
C005,CUSTOMER,Synthetic Customer 005,36.58452663832817,128.16227404790047,,,,synthetic_customer,R001,0.750628,R001;R003;R004,5,10:00,17:00,30,D03
C006,CUSTOMER,Synthetic Customer 006,37.487450604976864,126.49230143072418,,,,synthetic_customer,R179,0.753871,R179;R197;R141,12,09:00,15:00,45,D01
C007,CUSTOMER,Synthetic Customer 007,36.007535139329974,126.7950059690857,,,,synthetic_customer,R083,0.753147,R083;R118;R165,19,13:00,18:00,60,D02
C008,CUSTOMER,Synthetic Customer 008,35.29125998686533,128.39366541546843,,,,synthetic_customer,R131,0.749747,R131;R181;R097,9,10:00,17:00,40,D05
C009,CUSTOMER,Synthetic Customer 009,37.40149629188419,127.7501224623582,,,,synthetic_customer,R158,0.749887,R158;R190;R145,16,08:00,16:00,50,D01
C010,CUSTOMER,Synthetic Customer 010,36.79116365959676,127.04768520267434,,,,synthetic_customer,R173,0.753311,R173;R063;R029,6,09:00,15:00,30,D02
C011,CUSTOMER,Synthetic Customer 011,35.849453291115225,127.64852145217739,,,,synthetic_customer,R132,0.753759,R132;R159;R182,13,08:00,12:00,45,D05
C012,CUSTOMER,Synthetic Customer 012,37.88104125585899,127.20559589608709,,,,synthetic_customer,R194,0.750443,R194;R116;R185,20,10:00,17:00,60,D01
C013,CUSTOMER,Synthetic Customer 013,35.90840661233907,128.58954580122779,,,,synthetic_customer,R103,0.749397,R103;R026;R102,10,08:00,12:00,40,D03
C014,CUSTOMER,Synthetic Customer 014,36.50713033934257,129.11825526615374,,,,synthetic_customer,R183,0.752537,R183;R123;R154,17,09:00,15:00,55,D03
C015,CUSTOMER,Synthetic Customer 015,35.32805396394626,126.80749071168157,,,,synthetic_customer,R122,0.75413,R122;R137;R152,7,08:00,16:00,35,D05
C016,CUSTOMER,Synthetic Customer 016,37.639975897312475,128.4993920963733,,,,synthetic_customer,R169,0.751252,R169;R192;R200,14,09:00,15:00,50,D01
C017,CUSTOMER,Synthetic Customer 017,37.402507105810955,127.09163052197864,,,,synthetic_customer,R085,0.749166,R085;R125;R113,4,10:00,17:00,30,D01
C018,CUSTOMER,Synthetic Customer 018,36.90980535797331,127.6974324214799,,,,synthetic_customer,R089,0.751686,R089;R077;R023,11,13:00,18:00,40,D01
C019,CUSTOMER,Synthetic Customer 019,35.25925413307043,128.98319921031865,,,,synthetic_customer,R091,0.754202,R091;R120;R157,18,10:00,17:00,55,D04
C020,CUSTOMER,Synthetic Customer 020,36.40656227733448,127.37590168550003,,,,synthetic_customer,R124,0.752151,R124;R106;R096,8,09:00,15:00,35,D02
C021,CUSTOMER,Synthetic Customer 021,36.13267567616236,128.10131096183073,,,,synthetic_customer,R011,0.749245,R011;R038;R007,15,13:00,18:00,50,D03
C022,CUSTOMER,Synthetic Customer 022,35.43596030394814,127.3966937636112,,,,synthetic_customer,R119,0.750801,R119;R126;R189,5,09:00,15:00,30,D05
C023,CUSTOMER,Synthetic Customer 023,37.904164796006626,128.04771881166903,,,,synthetic_customer,R186,0.753971,R186;R187;R178,12,13:00,18:00,45,D01
C024,CUSTOMER,Synthetic Customer 024,35.00532317834238,127.81461507505902,,,,synthetic_customer,R153,0.752962,R153;R151;R139,19,13:00,18:00,60,D05
C025,CUSTOMER,Synthetic Customer 025,37.075528511577055,128.17417778433065,,,,synthetic_customer,R114,0.749634,R114;R167;R117,9,08:00,12:00,40,D01
C026,CUSTOMER,Synthetic Customer 026,36.42477480789192,128.6246352841024,,,,synthetic_customer,R148,0.750059,R148;R172;R071,16,13:00,18:00,50,D03
C027,CUSTOMER,Synthetic Customer 027,36.81793077363376,126.56685029668455,,,,synthetic_customer,R147,0.753457,R147;R188;R128,6,13:00,18:00,30,D02
C028,CUSTOMER,Synthetic Customer 028,35.691248733574405,128.18821393010631,,,,synthetic_customer,R138,0.753639,R138;R133;R094,13,08:00,12:00,45,D03
C029,CUSTOMER,Synthetic Customer 029,36.85093037519596,128.53301978785362,,,,synthetic_customer,R140,0.750246,R140;R166;R174,20,09:00,15:00,60,D03
C030,CUSTOMER,Synthetic Customer 030,37.854088474004946,126.75887512711745,,,,synthetic_customer,R177,0.749481,R177;R199;R116,10,08:00,12:00,40,D01
C031,CUSTOMER,Synthetic Customer 031,35.478975584115,127.82543130593605,,,,synthetic_customer,R130,0.752743,R130;R112;R127,17,08:00,12:00,55,D05
C032,CUSTOMER,Synthetic Customer 032,35.484932668470904,129.29126335969636,,,,synthetic_customer,R156,0.754068,R156;R184;R091,7,08:00,12:00,35,D04
C033,CUSTOMER,Synthetic Customer 033,36.05158136640794,128.9991206806346,,,,synthetic_customer,R180,0.751068,R180;R198;R067,14,08:00,12:00,50,D03
C034,CUSTOMER,Synthetic Customer 034,37.18702651889031,127.448329565404,,,,synthetic_customer,R161,0.749195,R161;R006;R078,4,08:00,16:00,30,D01
C035,CUSTOMER,Synthetic Customer 035,36.22597759972437,127.04758292791585,,,,synthetic_customer,R108,0.751877,R108;R049;R072,11,09:00,15:00,40,D02
C036,CUSTOMER,Synthetic Customer 036,37.75876492305966,128.8370749075667,,,,synthetic_customer,R192,0.754213,R192;R169;R195,18,09:00,15:00,55,D01
C037,CUSTOMER,Synthetic Customer 037,36.71767480131752,127.4462641799273,,,,synthetic_customer,R087,0.751927,R087;R090;R075,8,13:00,18:00,35,D02
C038,CUSTOMER,Synthetic Customer 038,35.14776681606828,127.44941964446919,,,,synthetic_customer,R142,0.749204,R142;R139;R150,15,10:00,17:00,50,D05
C039,CUSTOMER,Synthetic Customer 039,35.65127396250952,128.75185048605658,,,,synthetic_customer,R144,0.751019,R144;R149;R081,5,10:00,17:00,30,D04
C040,CUSTOMER,Synthetic Customer 040,35.73407802292975,126.76991811177632,,,,synthetic_customer,R134,0.75405,R134;R171;R110,12,08:00,16:00,45,D05
C041,CUSTOMER,Synthetic Customer 041,36.10230618330572,127.5129072203772,,,,synthetic_customer,R129,0.752789,R129;R159;R155,19,10:00,17:00,60,D02
C042,CUSTOMER,Synthetic Customer 042,37.19222860283356,126.87859636074948,,,,synthetic_customer,R115,0.749506,R115;R128;R197,9,13:00,18:00,40,D02
C043,CUSTOMER,Synthetic Customer 043,37.67339044221278,127.84649299811873,,,,synthetic_customer,R146,0.750204,R146;R178;R190,16,13:00,18:00,50,D01
C044,CUSTOMER,Synthetic Customer 044,36.45234445218279,127.71828296737687,,,,synthetic_customer,R121,0.753606,R121;R096;R155,6,08:00,12:00,30,D02
C045,CUSTOMER,Synthetic Customer 045,37.049591696543764,127.13966165229489,,,,synthetic_customer,R016,0.753493,R016;R092;R025,13,09:00,15:00,45,D02
C046,CUSTOMER,Synthetic Customer 046,37.52092794001614,127.43846689184178,,,,synthetic_customer,R193,0.750098,R193;R185;R158,20,09:00,15:00,60,D01
C047,CUSTOMER,Synthetic Customer 047,36.314309727320136,128.3268220434642,,,,synthetic_customer,R065,0.749605,R065;R052;R018,10,08:00,16:00,40,D03
C048,CUSTOMER,Synthetic Customer 048,35.1445840180501,128.08944878601244,,,,synthetic_customer,R136,0.752917,R136;R135;R153,17,10:00,17:00,55,D05
C049,CUSTOMER,Synthetic Customer 049,35.94499014124132,127.09569725326764,,,,synthetic_customer,R022,0.753992,R022;R068;R069,7,08:00,12:00,35,D02
C050,CUSTOMER,Synthetic Customer 050,36.164534383199374,128.5709238145302,,,,synthetic_customer,R111,0.750848,R111;R073;R086,14,10:00,17:00,50,D03
